model_name,index_backend,chunk_size,chunk_overlap,number_of_chunks,embedding_index_build_time_seconds,mean_query_latency_ms,p95_query_latency_ms,query_count,recall@1,recall@3,recall@5,recall@10,mrr@10,ndcg@10
sentence-transformers/all-MiniLM-L6-v2,faiss,128,32,55,0.383757,4.573364,5.826180,25,0.960000,0.980000,0.980000,1.000000,1.000000,0.993262
sentence-transformers/all-MiniLM-L6-v2,faiss,256,32,27,0.392824,4.796360,6.109080,25,0.960000,0.980000,1.000000,1.000000,1.000000,0.995089
sentence-transformers/all-MiniLM-L6-v2,faiss,512,64,15,0.466143,4.371468,5.159180,25,0.940000,1.000000,1.000000,1.000000,0.980000,0.987737
sentence-transformers/all-MiniLM-L6-v2,faiss,256,64,29,0.412543,4.688368,6.225360,25,0.940000,0.980000,1.000000,1.000000,0.980000,0.984962
sentence-transformers/all-MiniLM-L6-v2,faiss,512,32,15,0.466128,5.328580,7.479880,25,0.940000,1.000000,1.000000,1.000000,0.980000,0.987737
sentence-transformers/all-MiniLM-L6-v2,faiss,128,0,45,0.331820,4.469292,5.821140,25,0.880000,0.980000,1.000000,1.000000,0.960000,0.964488
sentence-transformers/all-MiniLM-L6-v2,faiss,512,0,15,0.463864,4.518520,5.885040,25,0.900000,1.000000,1.000000,1.000000,0.960000,0.972974
sentence-transformers/all-MiniLM-L6-v2,faiss,128,64,75,0.518962,4.775460,6.191520,25,0.880000,0.980000,1.000000,1.000000,0.960000,0.965563
sentence-transformers/all-MiniLM-L6-v2,faiss,256,0,27,0.384584,4.917344,6.254200,25,0.800000,0.980000,1.000000,1.000000,0.920000,0.936037
